title,price,url,img
03CACTUS Ultrasonic Air Humidifier Aromatherapy Oil Diffuser Desain Unik Bentuk Kaktus - H319 - Transparent,Rp. 109.300,https://www.jakartanotebook.com/03cactus-ultrasonic-air-humidifier-aromatherapy-oil-diffuser-desain-unik-bentuk-kaktus-h319-transparent,https://www.jakartanotebook.com/images/products/104/1020/40919/34/279/3life-ultrasonic-air-humidifier-desain-unik-bentuk-kaktus-transparent-1.jpg
1More Earphone Dual Driver ANC 3.5mm dengan Mic - E1004 (Replika 1:1) - Black,Rp. 35.700,https://www.jakartanotebook.com/1more-earphone-dual-driver-anc-3.5mm-dengan-mic-e1004-replika-11-black,https://www.jakartanotebook.com/images/products/42/1183/47385/2/279/1more-earphone-dual-driver-anc-3.5mm-dengan-mic-e1004-replika-11-black-48.jpg
1More Piston 2 in-Ear Earphone Earbuds with Mic - Golden,Rp. 79.900,https://www.jakartanotebook.com/1more-piston-2-in-ear-earphone-earbuds-with-mic-golden,https://www.jakartanotebook.com/images/products/42/1183/48378/39/279/1more-piston-2-in-ear-earphone-earbuds-with-mic-golden-1.jpg
1More Piston Metal Stereo Earphone with Mic - E1009 (Original) - Gray,Rp. 69.900,https://www.jakartanotebook.com/1more-piston-metal-stereo-earphone-with-mic-e1009-original-gray,https://www.jakartanotebook.com/images/products/42/1183/48479/22/279/1more-piston-metal-stereo-earphone-with-mic-e1009-original-gray-1.jpg
3.5mm Microphone with Clip for Smartphone / Laptop / Tablet PC - SR-503 - Black,Rp. 5.900,https://www.jakartanotebook.com/3.5mm-microphone-with-clip-for-smartphone-or-laptop-or-tablet-pc-sr-503-black,https://www.jakartanotebook.com/images/products/63/63/15363/2/279/3.5mm-microphone-with-clip-for-smartphone-or-laptop-or-tablet-pc-black-109.JPG
3D Glasses Plastic Frame / Kacamata 3D - H3 - Black,Rp. 3.500,https://www.jakartanotebook.com/3d-glasses-plastic-frame-or-kacamata-3d-h3-black,https://www.jakartanotebook.com/images/products/72/63/15085/2/279/3d-glasses-plastic-frame-or-kacamata-3d-h3-black-3.JPG
3Life Air Humidifier Pelembab Udara Aromatherapy Oil Diffuser 220ml - 3Life-318 - Pink,Rp. 48.400,https://www.jakartanotebook.com/3life-air-humidifier-pelembab-udara-aromatherapy-oil-diffuser-220ml-3life-318-pink,https://www.jakartanotebook.com/images/products/104/1011/38738/12/279/3life-air-humidifier-pelembab-udara-aromatherapy-oil-diffuser-220ml-3life-318-pink-26.jpg
3Life Air Humidifier Pelembab Udara Aromatherapy Oil Diffuser 220ml - 3Life-318 - White,Rp. 48.400,https://www.jakartanotebook.com/3life-air-humidifier-pelembab-udara-aromatherapy-oil-diffuser-220ml-3life-318-white,https://www.jakartanotebook.com/images/products/104/1011/38738/3/279/3life-air-humidifier-pelembab-udara-aromatherapy-oil-diffuser-220ml-3life-318-white-22.jpg
3Life Air Humidifier Pelembab Udara Aromatherapy Oil Diffuser 280ml - Cactus - White,Rp. 116.700,https://www.jakartanotebook.com/3life-air-humidifier-pelembab-udara-aromatherapy-oil-diffuser-280ml-cactus-white,https://www.jakartanotebook.com/images/products/104/1011/38737/3/279/3life-air-humidifier-pelembab-udara-aromatherapy-oil-diffuser-280ml-cactus-white-22.jpg
3Life Air Humidifier Portable Pelembab Udara Aromatherapy Oil Diffuser 1000ml - 211 - Blue,Rp. 168.900,https://www.jakartanotebook.com/3life-air-humidifier-portable-pelembab-udara-aromatherapy-oil-diffuser-1000ml-211-blue,https://www.jakartanotebook.com/images/products/104/1011/50200/6/279/3life-air-humidifier-portable-pelembab-udara-aromatherapy-1000ml-211-blue-69.jpg
3Life Air Humidifier Portable Pelembab Udara Aromatherapy Oil Diffuser 1000ml - 211 - White,Rp. 167.200,https://www.jakartanotebook.com/3life-air-humidifier-portable-pelembab-udara-aromatherapy-oil-diffuser-1000ml-211-white,https://www.jakartanotebook.com/images/products/104/1011/50200/3/279/3life-air-humidifier-portable-pelembab-udara-aromatherapy-1000ml-211-white-90.jpg
3Life Kipas Angin Leher Portable Mini Hanging Cute Neck Fan USB - 364 - Blue,Rp. 125.400,https://www.jakartanotebook.com/3life-kipas-angin-leher-portable-mini-hanging-neck-fan-usb-364-blue,https://www.jakartanotebook.com/images/products/36/1011/54134/6/279/3life-kipas-angin-leher-portable-mini-hanging-neck-fan-usb-364-blue-11.jpg
3Life Kipas Mini Cooling Fan Humidifier Mist USB Wired Version  - 365 - Blue,Rp. 198.000,https://www.jakartanotebook.com/3life-kipas-mini-cooling-fan-humidifier-mist-usb-wired-version-365-blue,https://www.jakartanotebook.com/images/products/104/1011/54136/6/279/3life-kipas-mini-cooling-fan-humidifier-mist-rechargeable-3000mah-365-blue-10.jpg
Aaiboduo Penyedot Debu Mobil Handheld Wireless Vacuum Cleaner 42W - ULC14 - Black,Rp. 109.600,https://www.jakartanotebook.com/aaiboduo-penyedot-debu-mobil-handheld-wireless-vacuum-cleaner-42w-ulc14-black,https://www.jakartanotebook.com/images/products/103/1020/51944/2/279/aaiboduo-penyedot-debu-mobil-handheld-wireless-vacuum-cleaner-120w-ulc14-black-2.jpg
Adeeing Speaker Tweeter Mobil HiFi 55mm 10W 2 PCS - TU-412 - Black,Rp. 112.800,https://www.jakartanotebook.com/adeeing-speaker-tweeter-mobil-hifi-55mm-10w-2-pcs-tu-412-black,https://www.jakartanotebook.com/images/products/73/1020/52810/2/279/adeeing-speaker-subwoofer-mobil-hifi-55mm-10w-2-pcs-tu-412-black-1.jpg
Adoolla Kompor Listrik Mini Hot Plate Electric Cooking 500W - DLD-101A - Black,Rp. 66.300,https://www.jakartanotebook.com/adoolla-kompor-listrik-mini-hot-plate-electric-cooking-500w-dld-101a-black,https://www.jakartanotebook.com/images/products/103/1020/44385/2/279/adoolla-kompor-listrik-mini-hot-plate-electric-cooking-500w-dld-101a-black-21.jpg
AEC Lewinner Jam Alarm Clock with Bluetooth Speaker TF AUX FM Radio - BT506F - Black,Rp. 107.300,https://www.jakartanotebook.com/lewinner-jam-alarm-clock-with-bluetooth-speaker-tf-aux-fm-radio-bt506f-black,https://www.jakartanotebook.com/images/products/42/1020/45410/2/279/lewinner-jam-alarm-clock-with-bluetooth-speaker-tf-aux-bt506-black-1.jpg
AFFORANY DIY Botol Pembuat Soda Siphon Maker Bartender CO2 1 Liter - SD-MY - Silver,Rp. 247.800,https://www.jakartanotebook.com/afforany-diy-botol-pembuat-soda-siphon-maker-bartender-co2-1-liter-sd-my-silver,https://www.jakartanotebook.com/images/products/104/1020/41697/15/279/afforany-diy-botol-pembuat-soda-siphon-seltzer-syphon-maker-co2-sd-my-silver-1.jpg
Agile Speaker Mini Dome Tweeter Loudspeaker Mobil HiFi 800W 2 PCS - TS-T120 - Black,Rp. 28.000,https://www.jakartanotebook.com/agile-speaker-mini-dome-tweeter-loudspeaker-mobil-hifi-800w-2-pcs-ts-t120-black,https://www.jakartanotebook.com/images/products/73/1020/46737/2/279/agile-speaker-mini-dome-tweeter-loudspeaker-mobil-hifi-800w-2-pcs-ts-t120-black-42.jpg
AICHEN Essential Oil Massage Body Minyak Pijat Tubuh Relaxing Ginger 500ml - AIM56,Rp. 32.500,https://www.jakartanotebook.com/aichen-essential-oil-massage-body-minyak-pijat-tubuh-relaxing-ginger-500ml-aim56,https://www.jakartanotebook.com/images/products/104/1020/53047/1/279/aichen-essential-oil-massage-body-minyak-pijat-tubuh-relaxing-500ml-olive-aim56-1.jpg
AICHEN Essential Oil Massage Body Minyak Pijat Tubuh Relaxing Olives 500ml - AIM56,Rp. 32.500,https://www.jakartanotebook.com/aichen-essential-oil-massage-body-minyak-pijat-tubuh-relaxing-olives-500ml-aim56,https://www.jakartanotebook.com/images/products/104/1020/53048/1/279/aichen-essential-oil-massage-body-minyak-pijat-tubuh-relaxing-500ml-rose-aim56-1.jpg
AICHEN Essential Oil Massage Body Minyak Pijat Tubuh Relaxing Rose 500ml - AIM56,Rp. 32.500,https://www.jakartanotebook.com/aichen-essential-oil-massage-body-minyak-pijat-tubuh-relaxing-rose-500ml-aim56,https://www.jakartanotebook.com/images/products/104/1020/53049/1/279/aichen-essential-oil-massage-body-minyak-pijat-tubuh-relaxing-500ml-tsao-aim56-1.jpg
AICHEN Essential Oil Massage Body Minyak Pijat Tubuh Relaxing Wormwood 500ml - AIM56,Rp. 32.500,https://www.jakartanotebook.com/aichen-essential-oil-massage-body-minyak-pijat-tubuh-relaxing-wormwood-500ml-aim56,https://www.jakartanotebook.com/images/products/104/1020/53050/1/279/aichen-essential-oil-massage-body-minyak-pijat-tubuh-relaxing-500ml-ginger-aim56-1.jpg
AIPINYUE Penyedot Debu Mobil Handheld Wireless Vacuum Cleaner USB Rechargeable 120W - APY2001-5XCQ - Black,Rp. 151.100,https://www.jakartanotebook.com/aipinyue-penyedot-debu-mobil-handheld-wireless-vacuum-cleaner-usb-rechargeable-120w-apy2001-5xcq-black,https://www.jakartanotebook.com/images/products/103/1020/51792/2/279/aipinyue-penyedot-debu-mobil-handheld-wireless-vacuum-cleaner-usb-rechargeable-120w-apy2001-5xcq-black-10.jpg
AirPods Pro Earphone Wireless (Replika 1:1) - White,Rp. 261.400,https://www.jakartanotebook.com/airpods-pro-earphone-wireless-replika-11-white,https://www.jakartanotebook.com/images/products/42/1020/46093/3/279/airpods-pro-earphone-wireless-replika-11-white-31.jpg
AISOMEX Amplifier Penguat Suara Voice Speaker Bluetooth FM Radio - YJ10 - Black,Rp. 182.300,https://www.jakartanotebook.com/aisomex-amplifier-penguat-suara-voice-speaker-bluetooth-fm-radio-yj10-black,https://www.jakartanotebook.com/images/products/42/1020/52796/2/279/rondaful-amplifier-penguat-suara-voice-speaker-bluetooth-fm-radio-yj10-black-1.jpg
Aiyima A03 Bluetooth 5.0 Amplifier 2.1 Channel Amp Receiver 2x50W+100W TPA3116 - B2D1845B - Black,Rp. 592.200,https://www.jakartanotebook.com/aiyima-a03-bluetooth-5.0-amplifier-2.1-channel-amp-receiver-2x50w100w-tpa3116-b2d1845-black,https://www.jakartanotebook.com/images/products/42/756/52500/2/279/aiyima-a03-bluetooth-50-amplifier-21-channel-amp-receiver-class-d-2x50w100w-tpa3116-b2d1845-black-1.jpg
Aiyima A07 Digital Power Amplifier Hi-Fi Class D 2x300W TPA3255 - B2D1995 - Black,Rp. 605.000,https://www.jakartanotebook.com/aiyima-a07-digital-power-amplifier-hi-fi-class-d-2x300w-tpa3255-b2d1995-black,https://www.jakartanotebook.com/images/products/42/756/52502/2/279/aiyima-a07-digital-power-amplifier-hi-fi-class-d-2x300w-tpa3255-b2d1995-black-1.jpg
Aiyima B01 Bluetooth 5.0 Amplifier 2.1 Channel 2x50W+100W TPA3116D2 - B2D2276 - Black,Rp. 732.100,https://www.jakartanotebook.com/aiyima-b01-bluetooth-5.0-amplifier-2.1-channel-2x50w100w-tpa3116d2-2d2276-black,https://www.jakartanotebook.com/images/products/42/756/52504/2/279/aiyima-b01-bluetooth-50-amplifier-21-channel-2x50w100w-tpa3116d2-2d2276-black-1.jpg
Aiyima D05 Bluetooth 5.0 Amplifier 2.1 Channel Stereo Amp Receiver with Remote - B2D2217 - Black,Rp. 2.005.700,https://www.jakartanotebook.com/aiyima-d05-bluetooth-5.0-amplifier-2.1-channel-stereo-amp-receiver-with-remote-b2d2217-black,https://www.jakartanotebook.com/images/products/42/756/52501/2/279/aiyima-d05-bluetooth-50-amplifier-21-channel-stereo-amp-receiver-with-remote-b2d2217-black-1.jpg
Aiyima DAC A2 Converter Headphone Amplifier NE5532 - B2D1768B - Black,Rp. 571.400,https://www.jakartanotebook.com/aiyima-dac-a2-converter-headphone-amplifier-ne5532-b2d1768-black,https://www.jakartanotebook.com/images/products/42/756/52499/2/279/aiyima-dac-a2-converter-headphone-amplifier-ne5532-b2d1768-black-1.jpg
Aiyima DAC Converter Headphone Amplifier TPA6120 - B2D2326 - Black,Rp. 699.900,https://www.jakartanotebook.com/aiyima-dac-converter-headphone-amplifier-tpa6120-b2d2326-black,https://www.jakartanotebook.com/images/products/42/756/52360/2/279/aiyima-dac-converter-headphone-amplifier-tpa6120-b2d2326-black-1.jpg
AIYIMA DIY Amplifier Board - A2D658,Rp. 205.700,https://www.jakartanotebook.com/aiyima-diy-amplifier-board-a2d658,https://www.jakartanotebook.com/images/products/42/756/52337/1/279/aiyima-amplifier-board-a2d658-1.jpg
AIYIMA DIY Amplifier Board - B2D039,Rp. 391.200,https://www.jakartanotebook.com/aiyima-diy-amplifier-board-b2d039,https://www.jakartanotebook.com/images/products/42/756/52370/1/279/aiyima-diy-amplifier-board-b2d039-1.jpg
AIYIMA DIY Amplifier Board 100W 2SC5200+2SA1943 - A2D847,Rp. 123.500,https://www.jakartanotebook.com/aiyima-diy-amplifier-board-100w-2sc52002sa1943-a2d847,https://www.jakartanotebook.com/images/products/42/756/52340/1/279/aiyima-diy-amplifier-board-100w-2sc52002sa1943-a2d847-34.jpg
AIYIMA DIY Amplifier Board Audio Class A Power 20W - B2D1666A,Rp. 470.800,https://www.jakartanotebook.com/aiyima-diy-amplifier-board-audio-class-a-power-20w-b2d1666a,https://www.jakartanotebook.com/images/products/42/756/52476/1/279/aiyima-diy-amplifier-board-audio-class-a-power-20w-b2d1666a-1.jpg
AIYIMA DIY Amplifier Board Case - B2D932C,Rp. 405.700,https://www.jakartanotebook.com/aiyima-diy-amplifier-board-case-b2d932c,https://www.jakartanotebook.com/images/products/42/756/52505/1/279/aiyima-diy-bluetooth-amplifier-board-2.1-channel-2x50w100w-tpa3116-b2d932b-17.jpg
AIYIMA DIY Amplifier Board TPA3116 - A2D247,Rp. 167.500,https://www.jakartanotebook.com/aiyima-diy-amplifier-board-tpa3116-a2d247,https://www.jakartanotebook.com/images/products/42/756/53371/1/279/aiyima-diy-amplifier-board-tpa3116-a2d247-1.jpg
AIYIMA DIY Amplifier Board TPA3116 - A2D743,Rp. 121.700,https://www.jakartanotebook.com/aiyima-diy-amplifier-board-tpa3116-a2d743,https://www.jakartanotebook.com/images/products/42/756/52355/1/279/aiyima-diy-amplifier-board-tpa3116-a2d743-1.jpg
AIYIMA DIY Amplifier Board TPA3116 1 PCS - A2D247,Rp. 177.300,https://www.jakartanotebook.com/aiyima-diy-amplifier-board-tpa3116-1-pcs-a2d247,https://www.jakartanotebook.com/images/products/42/756/52334/1/279/aiyima-diy-amplifier-board-tpa3116-a2d247-1.jpg
